{
  "totalIssues": 100,
  "medianLatency": 50.50491499999998,
  "p95Latency": 98.65575799999988,
  "tokenUsage": {
    "tier1DeepSeek": 97200,
    "tier2DeepSeek": 32000,
    "tier2GPT5": 6400,
    "tier3GPT5": 16500,
    "total": 152100
  },
  "cost": {
    "tier1": 0.053135999999999906,
    "tier2": 0.2076799999999999,
    "tier3": 0.255,
    "total": 0.5158159999999998
  },
  "meetsTarget": true
}