{
  "totalIssues": 100,
  "medianLatency": 57.40016399999968,
  "p95Latency": 96.38859999999977,
  "tokenUsage": {
    "tier1DeepSeek": 76800,
    "tier2DeepSeek": 54000,
    "tier2GPT5": 10800,
    "tier3GPT5": 49500,
    "total": 191100
  },
  "cost": {
    "tier1": 0.04198399999999996,
    "tier2": 0.3504599999999998,
    "tier3": 0.7649999999999998,
    "total": 1.1574439999999995
  },
  "meetsTarget": false
}
