{
  "totalIssues": 100,
  "medianLatency": 47.73404300000004,
  "p95Latency": 95.61665099999937,
  "tokenUsage": {
    "tier1DeepSeek": 91200,
    "tier2DeepSeek": 38000,
    "tier2GPT5": 7600,
    "tier3GPT5": 27500,
    "total": 164300
  },
  "cost": {
    "tier1": 0.04985599999999992,
    "tier2": 0.24661999999999987,
    "tier3": 0.42499999999999993,
    "total": 0.7214759999999998
  },
  "meetsTarget": true
}
